p/positive0.jpg,1,87 116 598 426
p/positive1.jpg,1,111 1 556 611
p/positive10.jpg,1,139 427 381 204
p/positive100.jpg,1,27 54 903 553
p/positive101.jpg,3,17 104 531 210 563 42 537 295 1176 25 463 273
p/positive102.jpg,1,46 38 926 478
p/positive103.jpg,1,709 47 576 274
p/positive104.jpg,1,148 206 575 282
p/positive105.jpg,1,134 121 654 377
p/positive106.jpg,1,39 108 774 411
p/positive107.jpg,2,8 29 763 355 404 411 339 215
p/positive108.jpg,1,14 333 652 382
p/positive109.jpg,1,4 93 884 368
p/positive11.jpg,1,73 36 748 430
p/positive110.jpg,1,28 52 950 513
p/positive111.jpg,2,68 154 549 272 794 23 422 301
p/positive112.jpg,2,817 3 345 271 91 172 172 106
p/positive113.jpg,1,180 26 779 539
p/positive114.jpg,2,156 100 538 312 13 508 579 272
p/positive115.jpg,1,25 58 852 441
p/positive116.jpg,1,109 125 778 360
p/positive117.jpg,1,392 252 219 99
p/positive118.jpg,1,1396 19 441 228
p/positive119.jpg,1,82 161 721 380
p/positive12.jpg,1,27 88 853 590
p/positive120.jpg,1,137 209 663 444
p/positive121.jpg,1,91 119 733 300
p/positive122.jpg,2,46 170 787 345 87 2 434 166
p/positive123.jpg,1,277 242 634 229
p/positive124.jpg,2,154 310 688 319 41 26 668 277
p/positive125.jpg,1,127 89 702 444
p/positive126.jpg,1,28 121 873 480
p/positive127.jpg,2,611 145 478 331 13 187 446 295
p/positive128.jpg,1,2 115 665 325
p/positive129.jpg,1,100 170 754 331
p/positive13.jpg,1,19 58 842 369
p/positive130.jpg,1,8 254 716 457
p/positive131.jpg,2,470 57 471 398 2 65 467 325
p/positive132.jpg,1,4 138 784 540
p/positive133.jpg,2,254 181 317 225 844 26 562 287
p/positive134.jpg,4,142 67 358 211 542 60 407 213 627 333 270 172 1 307 439 173
p/positive135.jpg,1,43 53 692 547
p/positive136.jpg,1,3 94 888 497
p/positive137.jpg,1,108 160 639 288
p/positive138.jpg,1,129 592 369 200
p/positive139.jpg,1,58 80 826 461
p/positive14.jpg,1,189 64 689 403
p/positive140.jpg,1,36 54 717 270
p/positive141.jpg,1,205 117 802 377
p/positive142.jpg,2,421 259 470 269 2 261 372 221
p/positive143.jpg,2,230 306 577 293 46 338 190 190
p/positive144.jpg,1,36 161 846 431
p/positive145.jpg,1,93 434 350 180
p/positive146.jpg,1,45 168 804 376
p/positive147.jpg,1,6 61 1071 448
p/positive148.jpg,1,47 303 521 384
p/positive149.jpg,1,141 149 444 354
p/positive15.jpg,2,25 279 576 263 581 340 194 86
p/positive150.jpg,1,114 88 707 452
p/positive151.jpg,1,296 261 563 307
p/positive152.jpg,1,4 467 706 295
p/positive153.jpg,1,20 211 809 353
p/positive154.jpg,1,178 229 601 250
p/positive155.jpg,1,4 121 884 340
p/positive156.jpg,1,2 101 888 449
p/positive157.jpg,1,6 68 711 548
p/positive158.jpg,1,108 65 774 568
p/positive159.jpg,1,53 62 829 488
p/positive16.jpg,1,76 112 635 431
p/positive160.jpg,1,31 299 670 433
p/positive161.jpg,1,64 331 671 279
p/positive162.jpg,1,188 86 645 493
p/positive163.jpg,1,159 91 738 429
p/positive164.jpg,1,175 129 703 412
p/positive165.jpg,1,3 280 721 433
p/positive166.jpg,1,238 3 458 429
p/positive167.jpg,1,418 182 256 209
p/positive168.jpg,1,249 22 697 475
p/positive169.jpg,1,283 38 648 325
p/positive17.jpg,1,8 71 744 481
p/positive170.jpg,2,150 265 354 182 502 278 243 99
p/positive171.jpg,1,31 225 461 352
p/positive172.jpg,1,86 67 529 448
p/positive173.jpg,1,225 456 501 153
p/positive174.jpg,1,53 248 477 265
p/positive175.jpg,1,10 105 635 432
p/positive176.jpg,1,164 280 529 228
p/positive177.jpg,1,153 10 726 374
p/positive178.jpg,1,310 258 287 256
p/positive179.jpg,1,76 211 807 337
p/positive18.jpg,1,109 209 815 299
p/positive180.jpg,1,36 242 564 341
p/positive181.jpg,1,69 191 589 393
p/positive182.jpg,1,90 178 590 340
p/positive183.jpg,1,21 219 566 364
p/positive184.jpg,1,92 234 477 304
p/positive185.jpg,1,190 139 559 371
p/positive186.jpg,1,170 72 512 362
p/positive187.jpg,1,174 273 469 243
p/positive188.jpg,1,110 107 626 443
p/positive189.jpg,1,218 216 345 237
p/positive19.jpg,1,431 2 564 307
p/positive190.jpg,1,50 103 384 378
p/positive191.jpg,1,86 242 431 280
p/positive192.jpg,1,459 84 229 153
p/positive193.jpg,3,64 67 327 165 538 60 240 137 95 239 536 245
p/positive194.jpg,1,98 230 604 265
p/positive195.jpg,1,107 165 575 369
p/positive196.jpg,1,465 182 367 184
p/positive197.jpg,1,266 163 594 230
p/positive198.jpg,1,126 170 568 385
p/positive199.jpg,1,33 138 724 423
p/positive2.jpg,1,263 116 665 489
p/positive20.jpg,1,149 341 626 375
p/positive200.jpg,1,48 213 667 279
p/positive201.jpg,1,57 85 639 508
p/positive202.jpg,1,141 168 515 402
p/positive203.jpg,1,212 58 657 245
p/positive204.jpg,1,31 158 602 391
p/positive205.jpg,1,18 184 559 426
p/positive206.jpg,1,42 87 860 494
p/positive207.jpg,1,152 267 338 258
p/positive208.jpg,1,69 19 837 588
p/positive209.jpg,1,42 192 540 343
p/positive21.jpg,1,274 96 559 263
p/positive210.jpg,1,250 259 396 366
p/positive211.jpg,1,220 114 606 488
p/positive212.jpg,1,152 396 461 201
p/positive213.jpg,1,272 352 323 183
p/positive214.jpg,1,129 288 531 250
p/positive215.jpg,1,306 197 380 169
p/positive216.jpg,1,356 133 441 255
p/positive217.jpg,1,82 228 301 205
p/positive218.jpg,1,138 165 544 263
p/positive219.jpg,1,149 161 457 203
p/positive22.jpg,1,77 93 672 439
p/positive220.jpg,1,277 223 318 179
p/positive221.jpg,1,110 197 453 257
p/positive222.jpg,1,36 35 829 350
p/positive223.jpg,1,253 119 469 265
p/positive224.jpg,2,95 199 244 108 370 279 300 100
p/positive225.jpg,1,389 27 322 224
p/positive226.jpg,1,601 109 284 201
p/positive227.jpg,1,154 77 468 352
p/positive228.jpg,1,80 188 387 188
p/positive229.jpg,1,140 250 366 214
p/positive23.jpg,1,73 193 776 296
p/positive230.jpg,1,296 364 311 152
p/positive231.jpg,1,204 139 697 298
p/positive232.jpg,1,81 12 779 516
p/positive233.jpg,1,326 356 243 171
p/positive234.jpg,1,209 229 428 314
p/positive235.jpg,1,245 279 322 179
p/positive236.jpg,1,209 58 670 331
p/positive237.jpg,1,266 247 357 247
p/positive238.jpg,1,357 276 217 178
p/positive239.jpg,1,84 178 560 360
p/positive24.jpg,1,42 2 954 506
p/positive240.jpg,1,81 243 477 279
p/positive241.jpg,1,217 234 474 266
p/positive242.jpg,1,241 166 535 220
p/positive243.jpg,1,16 23 498 220
p/positive244.jpg,1,3 115 652 484
p/positive245.jpg,3,170 43 326 194 41 201 346 227 582 143 336 207
p/positive246.jpg,1,209 64 500 342
p/positive247.jpg,1,32 72 608 487
p/positive248.jpg,1,27 203 559 261
p/positive249.jpg,1,86 228 575 285
p/positive25.jpg,1,226 310 482 191
p/positive250.jpg,1,51 140 640 310
p/positive251.jpg,1,32 371 297 212
p/positive252.jpg,1,60 240 787 334
p/positive253.jpg,1,231 217 392 196
p/positive254.jpg,2,320 269 313 126 81 269 253 113
p/positive255.jpg,1,498 287 277 133
p/positive256.jpg,1,189 204 603 345
p/positive257.jpg,1,187 125 548 338
p/positive258.jpg,1,195 144 612 306
p/positive259.jpg,1,31 78 812 551
p/positive26.jpg,1,35 213 704 403
p/positive260.jpg,1,186 221 613 302
p/positive261.jpg,1,408 271 447 308
p/positive262.jpg,1,9 200 683 424
p/positive263.jpg,1,48 60 920 483
p/positive264.jpg,1,19 114 911 464
p/positive265.jpg,1,71 49 658 548
p/positive266.jpg,1,223 211 709 328
p/positive267.jpg,1,322 160 509 420
p/positive268.jpg,1,76 80 806 497
p/positive269.jpg,1,222 93 566 410
p/positive27.jpg,1,40 55 934 446
p/positive270.jpg,1,211 71 712 506
p/positive271.jpg,2,268 270 277 205 560 274 183 156
p/positive272.jpg,1,128 46 804 393
p/positive273.jpg,1,303 196 566 351
p/positive274.jpg,2,230 135 555 338 917 200 188 155
p/positive275.jpg,1,51 170 706 427
p/positive276.jpg,1,101 90 696 482
p/positive277.jpg,1,104 78 681 499
p/positive278.jpg,1,247 136 619 419
p/positive279.jpg,1,13 179 633 414
p/positive28.jpg,1,377 150 386 288
p/positive280.jpg,1,10 38 1015 515
p/positive281.jpg,2,49 296 720 351 465 161 317 197
p/positive282.jpg,1,240 117 668 442
p/positive283.jpg,2,108 123 946 410 46 70 528 183
p/positive284.jpg,2,62 154 471 327 549 237 299 231
p/positive285.jpg,1,211 6 595 427
p/positive286.jpg,1,114 263 441 233
p/positive287.jpg,1,175 129 487 291
p/positive288.jpg,1,342 209 760 286
p/positive289.jpg,1,59 83 968 453
p/positive29.jpg,1,311 85 355 331
p/positive290.jpg,1,326 7 691 559
p/positive291.jpg,1,53 232 616 317
p/positive292.jpg,1,1 229 893 406
p/positive293.jpg,1,35 216 566 340
p/positive294.jpg,1,278 9 859 507
p/positive295.jpg,1,155 41 863 529
p/positive296.jpg,1,33 29 945 544
p/positive297.jpg,1,17 108 560 447
p/positive298.jpg,1,187 203 551 392
p/positive299.jpg,1,51 181 893 370
p/positive3.jpg,1,3 110 874 493
p/positive30.jpg,1,73 278 665 442
p/positive300.jpg,1,106 61 873 451
p/positive301.jpg,2,279 162 564 434 142 287 247 144
p/positive302.jpg,1,50 77 810 448
p/positive303.jpg,1,47 138 808 452
p/positive304.jpg,1,181 187 590 380
p/positive305.jpg,1,142 192 555 328
p/positive306.jpg,1,16 47 999 514
p/positive307.jpg,1,70 198 722 346
p/positive308.jpg,1,149 86 635 470
p/positive309.jpg,2,15 146 441 319 494 144 439 363
p/positive31.jpg,1,449 26 484 334
p/positive310.jpg,1,200 133 660 397
p/positive311.jpg,1,118 121 717 326
p/positive312.jpg,1,31 147 778 383
p/positive313.jpg,1,16 102 768 455
p/positive314.jpg,1,134 165 669 410
p/positive315.jpg,1,99 206 782 354
p/positive316.jpg,1,417 196 384 186
p/positive317.jpg,1,21 106 998 442
p/positive318.jpg,1,9 42 1112 459
p/positive319.jpg,1,97 340 678 275
p/positive32.jpg,1,103 120 677 419
p/positive320.jpg,1,108 307 320 248
p/positive321.jpg,1,197 150 811 414
p/positive322.jpg,1,25 82 851 521
p/positive323.jpg,1,157 150 832 416
p/positive324.jpg,1,121 140 795 434
p/positive325.jpg,1,181 139 750 473
p/positive326.jpg,1,5 57 687 446
p/positive327.jpg,1,290 3 845 516
p/positive328.jpg,1,132 60 818 460
p/positive329.jpg,1,199 149 684 350
p/positive33.jpg,1,113 128 727 324
p/positive330.jpg,2,61 143 751 397 92 2 438 164
p/positive331.jpg,1,150 103 684 350
p/positive332.jpg,1,15 75 869 518
p/positive334.jpg,1,147 54 657 487
p/positive335.jpg,1,87 90 1005 413
p/positive336.jpg,1,99 117 812 429
p/positive337.jpg,1,1 2 850 541
p/positive338.jpg,1,49 171 846 455
p/positive339.jpg,1,118 284 469 238
p/positive34.jpg,1,3 89 891 560
p/positive340.jpg,1,15 117 930 458
p/positive341.jpg,1,80 144 430 304
p/positive342.jpg,1,69 105 827 432
p/positive343.jpg,2,63 165 768 368 77 2 459 172
p/positive344.jpg,1,125 85 796 458
p/positive345.jpg,1,113 173 774 338
p/positive346.jpg,1,134 276 545 247
p/positive347.jpg,1,126 212 632 363
p/positive348.jpg,1,149 95 702 463
p/positive349.jpg,1,76 130 751 501
p/positive350.jpg,1,308 182 567 260
p/positive351.jpg,1,15 110 808 365
p/positive352.jpg,1,21 49 742 714
p/positive353.jpg,1,155 282 561 342
p/positive354.jpg,1,57 129 660 404
p/positive355.jpg,1,26 138 673 415
p/positive356.jpg,1,336 121 690 407
p/positive357.jpg,1,246 141 575 421
p/positive358.jpg,1,14 128 714 370
p/positive359.jpg,1,46 148 693 388
p/positive36.jpg,1,13 381 585 405
p/positive360.jpg,1,202 105 590 442
p/positive361.jpg,1,24 173 721 486
p/positive362.jpg,1,93 81 724 411
p/positive363.jpg,1,189 115 674 492
p/positive364.jpg,1,209 120 632 388
p/positive365.jpg,2,251 228 541 333 448 92 308 192
p/positive366.jpg,1,194 190 680 366
p/positive367.jpg,1,66 152 761 438
p/positive368.jpg,1,122 204 667 359
p/positive369.jpg,1,350 101 647 370
p/positive37.jpg,1,8 309 709 476
p/positive370.jpg,1,65 252 831 355
p/positive371.jpg,1,55 92 598 335
p/positive372.jpg,1,161 107 802 415
p/positive373.jpg,1,193 231 476 223
p/positive374.jpg,1,125 257 625 330
p/positive375.jpg,1,324 274 326 190
p/positive376.jpg,1,246 204 655 348
p/positive377.jpg,2,366 195 645 351 143 272 239 233
p/positive378.jpg,1,183 184 589 403
p/positive379.jpg,1,206 248 473 249
p/positive38.jpg,1,12 121 623 846
p/positive380.jpg,1,29 255 716 457
p/positive381.jpg,1,73 51 854 501
p/positive382.jpg,1,511 21 428 247
p/positive383.jpg,1,99 88 822 470
p/positive384.jpg,1,63 158 790 381
p/positive385.jpg,1,23 87 732 462
p/positive386.jpg,1,104 255 635 439
p/positive387.jpg,1,165 101 709 488
p/positive388.jpg,1,44 178 722 386
p/positive389.jpg,1,270 210 746 352
p/positive39.jpg,1,102 55 947 500
p/positive390.jpg,1,29 228 710 453
p/positive391.jpg,1,139 184 681 377
p/positive392.jpg,1,1 242 496 312
p/positive393.jpg,1,228 159 765 410
p/positive394.jpg,1,96 162 749 402
p/positive395.jpg,1,30 134 846 418
p/positive396.jpg,1,33 137 645 342
p/positive397.jpg,1,97 78 705 387
p/positive398.jpg,1,206 168 723 317
p/positive399.jpg,1,482 48 411 220
p/positive4.jpg,1,198 23 915 494
p/positive40.jpg,1,6 3 1049 471
p/positive402.jpg,1,120 55 732 527
p/positive403.jpg,1,61 97 881 460
p/positive404.jpg,1,211 66 641 480
p/positive405.jpg,1,65 41 875 473
p/positive407.jpg,1,119 127 803 441
p/positive408.jpg,1,42 172 773 497
p/positive409.jpg,1,150 173 623 415
p/positive41.jpg,1,24 450 661 360
p/positive410.jpg,1,24 181 795 431
p/positive411.jpg,1,347 85 639 440
p/positive412.jpg,1,70 208 614 372
p/positive413.jpg,1,92 68 687 409
p/positive414.jpg,1,41 227 693 450
p/positive415.jpg,1,64 8 903 466
p/positive416.jpg,1,171 147 719 307
p/positive417.jpg,1,223 57 788 453
p/positive418.jpg,2,377 152 563 312 209 239 220 98
p/positive419.jpg,1,88 153 729 351
p/positive42.jpg,2,15 97 620 350 620 219 294 208
p/positive420.jpg,1,238 255 638 342
p/positive421.jpg,1,75 134 751 458
p/positive422.jpg,1,177 216 610 339
p/positive423.jpg,1,251 195 566 420
p/positive424.jpg,1,219 150 628 328
p/positive425.jpg,1,21 142 661 340
p/positive426.jpg,1,293 223 567 320
p/positive427.jpg,1,219 110 912 371
p/positive428.jpg,1,94 87 702 400
p/positive429.jpg,1,104 158 778 368
p/positive43.jpg,1,23 132 796 431
p/positive430.jpg,1,61 192 742 290
p/positive431.jpg,1,10 109 934 374
p/positive432.jpg,1,50 162 841 387
p/positive433.jpg,1,67 76 795 517
p/positive434.jpg,1,213 119 738 407
p/positive435.jpg,1,125 74 713 462
p/positive436.jpg,1,227 110 649 522
p/positive437.jpg,1,37 146 862 467
p/positive438.jpg,1,129 133 600 431
p/positive439.jpg,1,61 27 751 450
p/positive44.jpg,1,96 197 779 364
p/positive440.jpg,1,74 56 713 438
p/positive441.jpg,1,96 253 572 321
p/positive442.jpg,1,127 141 738 465
p/positive443.jpg,2,75 167 755 389 110 1 445 181
p/positive444.jpg,1,99 68 795 477
p/positive445.jpg,1,160 184 765 400
p/positive446.jpg,1,154 97 797 411
p/positive447.jpg,1,58 200 813 408
p/positive448.jpg,1,56 148 661 314
p/positive449.jpg,1,296 94 698 389
p/positive45.jpg,1,233 210 398 265
p/positive450.jpg,1,468 213 511 348
p/positive451.jpg,1,36 24 849 540
p/positive452.jpg,1,227 91 714 432
p/positive453.jpg,1,56 103 779 423
p/positive454.jpg,1,170 46 675 474
p/positive455.jpg,1,260 53 711 444
p/positive456.jpg,1,500 97 484 454
p/positive457.jpg,1,135 172 779 409
p/positive458.jpg,1,158 153 688 407
p/positive459.jpg,1,115 100 787 482
p/positive46.jpg,1,65 106 794 504
p/positive460.jpg,1,127 84 728 469
p/positive461.jpg,1,525 89 559 439
p/positive462.jpg,1,119 123 768 399
p/positive463.jpg,1,6 71 960 520
p/positive464.jpg,1,161 126 631 448
p/positive465.jpg,2,134 154 916 366 113 85 451 179
p/positive466.jpg,1,146 235 548 272
p/positive467.jpg,2,71 170 769 373 91 2 436 170
p/positive468.jpg,1,139 141 855 397
p/positive469.jpg,1,73 90 777 446
p/positive47.jpg,1,80 245 658 495
p/positive470.jpg,1,79 31 909 455
p/positive471.jpg,1,36 93 761 483
p/positive472.jpg,1,65 81 862 514
p/positive473.jpg,1,47 167 865 413
p/positive474.jpg,1,173 163 744 367
p/positive475.jpg,1,33 155 732 338
p/positive476.jpg,1,13 143 698 422
p/positive477.jpg,1,199 68 798 469
p/positive478.jpg,1,223 102 563 473
p/positive479.jpg,1,45 97 775 472
p/positive48.jpg,1,116 98 714 377
p/positive480.jpg,1,151 53 586 488
p/positive481.jpg,1,30 21 952 546
p/positive482.jpg,1,17 100 774 500
p/positive483.jpg,1,84 70 873 474
p/positive484.jpg,1,190 129 625 406
p/positive485.jpg,1,92 70 813 523
p/positive486.jpg,1,271 121 599 369
p/positive487.jpg,1,57 152 845 429
p/positive488.jpg,1,22 99 867 439
p/positive489.jpg,1,22 140 777 475
p/positive49.jpg,1,365 131 547 357
p/positive490.jpg,1,147 179 651 301
p/positive491.jpg,1,14 174 858 424
p/positive492.jpg,1,15 37 902 498
p/positive493.jpg,1,53 76 951 483
p/positive494.jpg,1,165 75 829 427
p/positive495.jpg,1,124 104 708 431
p/positive496.jpg,1,45 46 829 541
p/positive497.jpg,1,10 119 821 426
p/positive498.jpg,1,15 22 889 419
p/positive499.jpg,1,33 105 770 403
p/positive5.jpg,1,30 91 762 659
p/positive50.jpg,1,45 115 807 481
p/positive500.jpg,1,5 41 676 416
p/positive501.jpg,1,120 152 587 464
p/positive502.jpg,1,52 58 758 423
p/positive503.jpg,1,64 18 923 569
p/positive504.jpg,1,359 247 564 297
p/positive505.jpg,1,228 152 657 422
p/positive506.jpg,1,99 111 535 395
p/positive507.jpg,1,39 49 715 543
p/positive508.jpg,1,100 126 598 431
p/positive509.jpg,1,2 258 479 344
p/positive51.jpg,1,175 111 765 409
p/positive510.jpg,1,249 166 639 403
p/positive511.jpg,1,213 170 606 359
p/positive512.jpg,1,267 187 716 348
p/positive513.jpg,1,260 200 744 339
p/positive514.jpg,1,153 153 686 430
p/positive515.jpg,1,53 142 697 444
p/positive516.jpg,1,103 22 882 504
p/positive517.jpg,1,110 89 767 408
p/positive518.jpg,1,74 189 779 457
p/positive519.jpg,1,99 26 872 531
p/positive52.jpg,1,110 141 583 357
p/positive520.jpg,1,254 224 483 311
p/positive521.jpg,1,179 151 732 437
p/positive522.jpg,1,13 164 747 424
p/positive523.jpg,1,33 115 829 371
p/positive524.jpg,1,133 109 779 427
p/positive525.jpg,2,4 229 676 311 38 72 462 176
p/positive526.jpg,1,431 129 581 425
p/positive527.jpg,1,124 120 578 366
p/positive528.jpg,1,263 90 685 413
p/positive529.jpg,1,50 76 952 407
p/positive53.jpg,1,193 140 780 338
p/positive530.jpg,1,71 81 724 385
p/positive531.jpg,1,142 91 729 455
p/positive532.jpg,1,56 117 825 452
p/positive533.jpg,1,525 396 363 179
p/positive534.jpg,1,208 101 720 395
p/positive535.jpg,1,76 93 727 537
p/positive536.jpg,1,97 133 880 410
p/positive537.jpg,1,244 92 614 448
p/positive538.jpg,1,134 233 525 313
p/positive539.jpg,1,19 127 760 496
p/positive54.jpg,1,301 276 472 284
p/positive540.jpg,2,72 152 737 391 83 0 454 170
p/positive541.jpg,1,61 195 662 406
p/positive542.jpg,1,78 96 710 387
p/positive543.jpg,1,149 110 664 389
p/positive544.jpg,1,284 145 622 295
p/positive545.jpg,1,72 107 717 465
p/positive546.jpg,1,145 87 630 493
p/positive547.jpg,1,198 83 656 429
p/positive548.jpg,1,23 15 1203 473
p/positive549.jpg,1,425 182 636 241
p/positive55.jpg,1,120 18 629 523
p/positive550.jpg,1,140 179 683 451
p/positive551.jpg,1,100 126 804 455
p/positive552.jpg,1,60 23 895 540
p/positive553.jpg,1,18 61 874 576
p/positive554.jpg,1,210 150 450 265
p/positive555.jpg,1,114 164 706 398
p/positive556.jpg,1,246 132 477 323
p/positive557.jpg,1,122 27 904 443
p/positive558.jpg,1,188 128 707 389
p/positive559.jpg,1,29 148 757 420
p/positive56.jpg,1,42 339 673 490
p/positive560.jpg,1,36 89 846 513
p/positive561.jpg,1,273 73 623 523
p/positive562.jpg,1,129 111 641 463
p/positive563.jpg,1,90 161 699 443
p/positive564.jpg,1,21 50 806 569
p/positive565.jpg,1,76 273 696 286
p/positive566.jpg,1,11 157 737 373
p/positive567.jpg,1,140 223 637 314
p/positive568.jpg,1,22 147 896 429
p/positive569.jpg,2,405 178 536 299 230 238 195 101
p/positive57.jpg,1,47 188 838 299
p/positive570.jpg,1,240 200 678 286
p/positive571.jpg,1,177 121 678 368
p/positive572.jpg,1,246 114 676 436
p/positive573.jpg,2,585 98 368 198 942 141 189 124
p/positive574.jpg,2,136 219 380 195 560 263 222 131
p/positive575.jpg,1,5 179 884 449
p/positive576.jpg,1,249 131 663 335
p/positive577.jpg,1,30 38 782 317
p/positive578.jpg,1,29 206 680 358
p/positive58.jpg,1,238 172 655 431
p/positive580.jpg,1,89 118 768 466
p/positive581.jpg,1,64 166 733 435
p/positive582.jpg,1,40 145 803 371
p/positive583.jpg,1,7 152 706 345
p/positive584.jpg,1,189 190 632 369
p/positive585.jpg,1,66 223 664 380
p/positive586.jpg,1,86 100 735 503
p/positive587.jpg,1,25 63 1016 474
p/positive588.jpg,1,89 193 751 377
p/positive589.jpg,1,9 135 590 392
p/positive59.jpg,1,10 123 903 427
p/positive590.jpg,1,390 254 674 277
p/positive591.jpg,1,54 128 609 358
p/positive592.jpg,2,390 124 538 397 43 221 352 213
p/positive593.jpg,1,230 238 514 254
p/positive594.jpg,1,33 52 985 490
p/positive595.jpg,1,107 140 570 422
p/positive596.jpg,1,214 244 462 181
p/positive598.jpg,1,1 80 521 381
p/positive599.jpg,1,240 127 693 427
p/positive6.jpg,1,85 317 662 399
p/positive60.jpg,2,343 299 332 192 6 533 330 143
p/positive600.jpg,1,3 106 930 470
p/positive601.jpg,1,125 42 341 260
p/positive602.jpg,1,15 55 891 519
p/positive603.jpg,1,120 82 750 412
p/positive604.jpg,1,220 76 646 470
p/positive605.jpg,2,283 311 439 300 611 173 304 204
p/positive606.jpg,1,314 247 544 321
p/positive607.jpg,1,197 209 443 272
p/positive608.jpg,1,51 127 833 438
p/positive609.jpg,2,163 213 788 344 35 36 547 265
p/positive61.jpg,1,148 111 638 445
p/positive610.jpg,1,138 111 646 475
p/positive611.jpg,1,44 179 642 367
p/positive612.jpg,1,195 62 673 458
p/positive613.jpg,1,24 118 748 419
p/positive614.jpg,1,15 235 717 423
p/positive615.jpg,1,4 0 712 605
p/positive616.jpg,1,69 94 738 545
p/positive617.jpg,1,140 342 558 310
p/positive618.jpg,1,148 211 625 432
p/positive619.jpg,1,91 59 680 564
p/positive62.jpg,1,120 63 593 346
p/positive620.jpg,1,208 98 595 463
p/positive621.jpg,1,262 97 750 356
p/positive622.jpg,1,258 34 758 419
p/positive623.jpg,1,16 171 683 412
p/positive624.jpg,1,280 179 694 314
p/positive625.jpg,1,50 88 876 511
p/positive626.jpg,1,3 181 270 226
p/positive627.jpg,1,50 142 775 571
p/positive628.jpg,1,60 8 882 513
p/positive629.jpg,1,70 108 812 453
p/positive63.jpg,1,48 101 873 470
p/positive630.jpg,1,37 135 839 409
p/positive631.jpg,1,77 86 852 477
p/positive632.jpg,1,123 108 806 484
p/positive633.jpg,1,117 118 711 372
p/positive634.jpg,1,440 60 579 405
p/positive635.jpg,1,150 90 715 479
p/positive636.jpg,1,272 194 675 428
p/positive637.jpg,1,4 68 917 547
p/positive638.jpg,1,61 65 904 458
p/positive639.jpg,1,186 110 692 445
p/positive64.jpg,2,711 191 495 262 190 106 385 198
p/positive640.jpg,1,30 82 876 538
p/positive641.jpg,1,94 149 783 403
p/positive642.jpg,1,89 112 883 412
p/positive643.jpg,1,62 126 610 400
p/positive644.jpg,1,49 149 710 352
p/positive645.jpg,1,94 114 784 419
p/positive646.jpg,1,322 237 646 330
p/positive647.jpg,1,153 73 758 353
p/positive648.jpg,1,138 47 882 463
p/positive649.jpg,3,351 219 314 196 36 149 264 199 720 186 221 174
p/positive65.jpg,2,857 98 461 350 15 65 465 359
p/positive650.jpg,1,160 22 773 550
p/positive651.jpg,1,531 228 291 134
p/positive652.jpg,1,81 119 736 433
p/positive653.jpg,1,9 98 1009 469
p/positive654.jpg,1,260 295 610 291
p/positive655.jpg,1,22 127 971 442
p/positive656.jpg,1,72 141 847 347
p/positive657.jpg,1,6 9 1008 540
p/positive658.jpg,1,32 230 805 389
p/positive659.jpg,2,35 83 559 440 442 57 499 274
p/positive66.jpg,1,155 186 316 216
p/positive660.jpg,1,243 160 636 414
p/positive661.jpg,1,250 203 677 295
p/positive662.jpg,1,108 127 710 342
p/positive663.jpg,1,186 144 814 405
p/positive664.jpg,1,89 97 903 460
p/positive665.jpg,1,33 29 793 511
p/positive666.jpg,1,125 86 680 470
p/positive667.jpg,1,84 184 768 387
p/positive668.jpg,1,49 199 689 329
p/positive669.jpg,1,69 149 695 414
p/positive67.jpg,1,71 92 940 325
p/positive670.jpg,1,3 357 664 827
p/positive671.jpg,1,161 218 563 441
p/positive672.jpg,1,100 23 790 543
p/positive673.jpg,1,38 293 671 540
p/positive674.jpg,1,63 129 708 367
p/positive675.jpg,1,233 91 634 416
p/positive676.jpg,1,212 83 613 506
p/positive677.jpg,2,84 187 432 285 465 221 449 253
p/positive678.jpg,1,148 174 678 396
p/positive679.jpg,1,9 142 702 416
p/positive68.jpg,1,21 48 797 426
p/positive680.jpg,1,221 243 550 396
p/positive681.jpg,1,4 114 791 669
p/positive682.jpg,1,78 79 714 511
p/positive683.jpg,2,530 205 407 281 5 233 412 241
p/positive684.jpg,1,128 100 692 482
p/positive685.jpg,1,249 168 445 273
p/positive686.jpg,1,21 154 854 386
p/positive687.jpg,1,29 172 582 361
p/positive688.jpg,1,143 55 731 553
p/positive689.jpg,1,7 212 590 353
p/positive69.jpg,1,7 85 472 342
p/positive690.jpg,1,131 139 765 426
p/positive691.jpg,1,232 111 564 343
p/positive692.jpg,1,162 104 720 483
p/positive693.jpg,2,407 232 446 223 181 292 233 152
p/positive694.jpg,1,366 140 430 300
p/positive695.jpg,1,163 62 839 394
p/positive696.jpg,1,52 109 800 485
p/positive697.jpg,2,170 183 769 402 685 6 281 150
p/positive698.jpg,1,36 1 982 309
p/positive699.jpg,1,349 253 436 199
p/positive7.jpg,1,51 250 719 391
p/positive70.jpg,1,5 215 785 399
p/positive700.jpg,1,238 83 552 339
p/positive701.jpg,1,182 73 518 304
p/positive702.jpg,1,140 216 606 354
p/positive703.jpg,1,23 138 763 491
p/positive704.jpg,1,213 51 671 454
p/positive705.jpg,1,28 181 667 425
p/positive706.jpg,1,137 105 739 405
p/positive707.jpg,1,97 144 834 393
p/positive708.jpg,1,178 140 752 415
p/positive709.jpg,1,23 129 825 410
p/positive710.jpg,1,38 139 851 453
p/positive711.jpg,1,195 142 710 404
p/positive712.jpg,1,64 169 806 395
p/positive713.jpg,1,76 28 1117 352
p/positive714.jpg,1,93 118 789 465
p/positive715.jpg,1,228 138 660 420
p/positive716.jpg,1,102 126 678 455
p/positive717.jpg,1,79 81 794 400
p/positive718.jpg,1,98 19 807 572
p/positive719.jpg,1,165 189 534 334
p/positive72.jpg,1,271 32 392 297
p/positive720.jpg,1,108 137 627 381
p/positive721.jpg,1,163 69 695 510
p/positive722.jpg,1,307 108 351 237
p/positive723.jpg,1,168 90 562 417
p/positive724.jpg,1,206 74 682 452
p/positive725.jpg,1,225 120 743 396
p/positive726.jpg,2,345 237 555 365 34 249 377 294
p/positive727.jpg,1,206 155 579 433
p/positive728.jpg,1,161 222 463 317
p/positive729.jpg,1,186 170 536 349
p/positive73.jpg,1,426 350 465 260
p/positive730.jpg,1,225 105 645 434
p/positive731.jpg,1,134 143 884 427
p/positive732.jpg,2,311 65 335 186 996 106 423 217
p/positive733.jpg,1,8 80 1045 428
p/positive734.jpg,1,108 175 675 410
p/positive735.jpg,1,211 191 693 398
p/positive736.jpg,1,100 98 684 451
p/positive737.jpg,1,78 35 755 588
p/positive738.jpg,1,6 225 697 611
p/positive739.jpg,1,8 97 711 543
p/positive74.jpg,1,590 27 643 419
p/positive740.jpg,1,157 74 695 479
p/positive741.jpg,1,67 135 885 376
p/positive742.jpg,1,80 69 842 447
p/positive743.jpg,1,135 54 750 455
p/positive75.jpg,1,92 143 761 506
p/positive76.jpg,1,13 108 708 477
p/positive77.jpg,1,268 77 603 393
p/positive78.jpg,2,844 57 531 317 59 56 528 366
p/positive79.jpg,1,721 40 462 320
p/positive8.jpg,1,40 251 624 362
p/positive80.jpg,1,6 36 729 404
p/positive81.jpg,1,229 162 576 405
p/positive82.jpg,1,49 124 822 388
p/positive83.jpg,2,101 26 376 205 107 301 369 194
p/positive84.jpg,1,46 59 612 408
p/positive85.jpg,2,7 25 525 374 553 27 669 377
p/positive86.jpg,2,127 29 531 305 27 390 762 335
p/positive87.jpg,1,565 95 273 147
p/positive88.jpg,1,147 138 499 269
p/positive89.jpg,2,152 88 862 475 27 211 218 172
p/positive9.jpg,2,55 121 623 372 643 136 270 200
p/positive90.jpg,1,89 441 419 302
p/positive91.jpg,2,102 263 239 192 520 286 292 145
p/positive92.jpg,1,84 170 629 307
p/positive93.jpg,1,434 366 357 205
p/positive94.jpg,2,70 79 398 281 586 190 576 264
p/positive95.jpg,1,311 135 482 309
p/positive96.jpg,1,541 142 393 209
p/positive97.jpg,1,63 676 486 238
p/positive98.jpg,1,486 44 648 331
p/positive99.jpg,2,222 85 783 422 850 54 161 172
